<?xml version="1.0" encoding="UTF-8"?>
<project-private xmlns="http://www.netbeans.org/ns/project-private/1">
    <editor-bookmarks xmlns="http://www.netbeans.org/ns/editor-bookmarks/2" lastBookmarkId="0"/>
    <open-files xmlns="http://www.netbeans.org/ns/projectui-open-files/2">
        <group>
            <file>file:/C:/Users/Gaby's/Documents/NetBeansProjects/BeloteJeu/web/accueil.jsp</file>
            <file>file:/C:/Users/Gaby's/Documents/NetBeansProjects/BeloteJeu/web/jeu.jsp</file>
            <file>file:/C:/Users/Gaby's/Documents/NetBeansProjects/BeloteJeu/web/signup.jsp</file>
            <file>file:/C:/Users/Gaby's/Documents/NetBeansProjects/BeloteJeu/web/createPartie.jsp</file>
            <file>file:/C:/Users/Gaby's/Documents/NetBeansProjects/BeloteJeu/web/profile.jsp</file>
            <file>file:/C:/Users/Gaby's/Documents/NetBeansProjects/BeloteJeu/web/index.jsp</file>
        </group>
    </open-files>
</project-private>
